0_n,0_l,0_p,1_n,1_l,1_p,2_n,2_l,2_p,3_n,3_l,3_p,4_n,4_l,4_p,5_n,5_l,5_p,6_n,6_l,6_p,7_n,7_l,7_p,8_n,8_l,8_p,9_n,9_l,9_p,10_n,10_l,10_p,11_n,11_l,11_p,12_n,12_l,12_p,13_n,13_l,13_p,14_n,14_l,14_p,15_n,15_l,15_p,16_n,16_l,16_p
STEAP4,7.872015,0.0,IL7R,8.053701,0.0,MUSTN1,7.92745,0.0,CCL5,8.043636,0.0,DCN,8.823194,0.0,ADGRL4,10.1713085,0.0,KLRF1,10.203826,2.1039957476884736e-229,APCDD1,6.645045,1.8410607938844272e-107,MARCH1,7.964635,1.601646342262835e-113,MECOM,8.790192,2.265529568238967e-149,PDE3A,7.001225,2.7791195727733566e-135,NR2F2-AS1,4.9994216,1.3234292409643918e-46,AC013652.1,8.508661,8.747061292432084e-63,CDH19,12.912471,1.2688992214626587e-76,MMRN1,11.291513,5.5849541021868114e-52,TNFRSF18,8.421775,1.471612811855455e-23,KIT,11.353291,2.213992539475581e-28
TAGLN,6.247363,0.0,BCL11B,6.978248,0.0,TPM2,6.8280683,0.0,NKG7,8.197542,0.0,LAMA2,9.290067,0.0,VWF,9.533513,5.215384535554495e-305,PRF1,8.558046,1.8980480369014899e-211,RERG,6.142693,3.440016418202227e-106,SYK,7.7398763,3.367326107426076e-106,MCTP1,7.8668537,1.9091525079715297e-148,SLIT3,6.1071644,1.3216304657092016e-133,ARHGAP10,4.0228696,1.2064921087160861e-43,SKAP1,6.2812214,3.4168611274274115e-57,NRXN1,12.567784,8.151365416535467e-76,PKHD1L1,14.171141,7.695411384217228e-52,CAPG,7.324503,1.1386885114739976e-20,FMN1,10.435761,2.213992539475581e-28
PRRX1,5.7581267,1.9038312395859747e-275,THEMIS,7.7618575,0.0,MYL9,5.919927,6.146828465000909e-283,GZMA,7.782512,1.0566879162075213e-290,BICC1,9.444679,0.0,PALMD,9.156527,7.702136692568482e-302,GNLY,8.83594,1.348846274575766e-209,COL3A1,5.492346,3.787614749343425e-97,LYN,6.084763,4.56372961443444e-90,PALMD,8.323774,2.2275579591226246e-142,FRY,4.7468433,2.4616704027482305e-133,RBMS3,3.831767,8.358666756281697e-42,BCL11B,6.448493,1.650306810523169e-56,NRXN3,10.25504,1.2335377951838857e-74,LINC02147,11.792518,3.912176564518657e-45,CLNK,9.591095,4.494908863782365e-18,TYR,15.008289,2.213992539475581e-28
RERG,6.3175673,3.5785415664078215e-269,PTPRC,6.8346524,0.0,TAGLN,6.379871,6.303876979502931e-274,SAMD3,7.021836,3.8640926761085597e-261,PDGFRA,11.186694,0.0,PECAM1,7.9885707,1.3962194504768142e-298,TXK,8.758152,3.18399960174344e-208,PRRX1,5.2692237,5.832571894021676e-91,CD83,7.448847,3.663613851925199e-86,PTPRB,8.423445,1.502290596462125e-141,NR2F2-AS1,5.965915,4.460575161636988e-128,ARHGAP42,4.8724847,9.509663370711465e-42,PTPRC,6.0351925,6.581972155756406e-54,SCN7A,11.831248,2.3878868239116277e-74,SMAD1,7.8695335,4.153893137487122e-39,TYROBP,7.1224847,1.1109655942412897e-17,DCT,13.730671,2.213992539475581e-28
NR2F2,5.6512523,4.685830619060596e-268,SKAP1,6.9684405,1.4267390130629389e-304,RERGL,8.884571,7.621740284780837e-273,KLRK1,7.6569643,4.45511861611763e-255,CXCL14,9.61497,4.5279338966529754e-305,CYYR1,9.400738,3.7825222698055215e-285,KLRD1,8.7577,5.484877729073562e-207,LGI4,5.8398843,2.6059087105051516e-88,CYBB,10.825626,6.708031940084312e-82,NEBL,10.575606,1.117993450553807e-136,PRKG1,5.5021553,1.4242595248409e-124,ADAMTS9-AS2,4.217764,3.497224500304451e-39,TTC39C,5.664497,2.755778141977206e-51,XKR4,12.958617,2.207859606452389e-71,PROX1,12.020221,4.153893137487122e-39,XCL1,7.92984,1.4176835218366205e-17,LSAMP,10.05066,2.213992539475581e-28
CD36,6.5090294,1.476879250890387e-267,FYB1,6.3864408,1.6366768848400277e-284,MYH11,6.6906343,2.5870826425919894e-269,HCST,6.618312,7.61159456451862e-254,FBLN1,9.270077,2.3604790086489964e-303,MCTP1,8.088005,3.7640820506512005e-279,NKG7,8.119862,2.0855641659521895e-195,PSD3,5.5287957,8.6373991014419e-86,HLA-DRA,5.8185034,5.276531996844642e-81,PECAM1,7.333157,1.7975859303004514e-136,RCAN2,5.8324957,2.0532229008335923e-124,PARD3,4.594034,9.806961017280336e-39,RASGRP1,6.1535616,5.1262875891377653e-51,DOCK5,7.9042296,2.261802645940003e-71,CCL21,11.190281,7.16566800519019e-38,VAMP8,6.0432987,4.365542610850893e-17,TYRP1,14.711526,5.481922588805442e-25
ACTA2,5.9284477,1.5991130709398998e-265,IKZF1,6.4225903,3.9188904248663357e-284,GUCY1A1,6.7911043,1.0286872626209623e-265,PTPRC,6.6050305,2.2786364557730493e-244,CFD,7.447947,1.117166918705177e-280,CD34,8.202114,2.436854313208072e-272,CD247,7.219372,6.147402829530443e-194,TEX41,5.580911,1.2761209517690847e-85,RBM47,8.520595,3.505805102693504e-76,EMCN,7.5935335,6.073215881792519e-135,CACNA1C,6.4917946,2.1571115681790734e-121,DLC1,4.1245275,5.578757369132738e-38,FYB1,5.6582317,5.760300227058972e-48,CADM2,10.933481,3.3057469262698964e-71,PPFIBP1,6.6691246,7.16566800519019e-38,KLRB1,6.846964,4.456339009093719e-17,TFAP2B,13.011792,7.305701601054935e-25
FHL2,6.730368,8.280456161189841e-246,CAMK4,7.490408,1.4980627511455178e-283,ADIRF,4.7299643,2.4309362273774057e-262,CST7,7.2080407,6.532664596357619e-243,APOD,7.823309,5.3333583309473014e-275,MECOM,9.0938835,4.913529111266787e-271,GZMB,9.084128,8.974482653351612e-193,COL6A1,5.1037164,3.6149286414062614e-85,CTSS,5.1585913,1.004640481511141e-73,CRYBG3,6.4644675,2.497150468654667e-134,SOX5,5.6881185,3.843276040317096e-121,PTPRG,4.0023785,1.152148660336239e-37,CD3G,6.338309,1.7848885728790135e-47,STARD13,6.9481044,4.4413869633613054e-69,GPM6A,10.529287,2.0790953265917237e-37,FCER1G,6.9311504,3.798470319208317e-16,CAPN3,8.965282,7.3678563860431e-24
MYL9,5.3336234,1.7175750628865346e-244,CD96,6.480771,2.1392172910863158e-266,C11orf96,6.5302486,1.301494128248556e-260,CTSW,7.172139,6.399805212072561e-240,CCDC80,6.9919276,6.998496141713299e-267,PTPRB,8.867376,1.8251810682999043e-267,PLAC8,7.8107147,4.483746329998337e-190,AHR,3.8781369,4.7219563569015525e-85,KYNU,8.641847,3.1687073877703663e-73,BTNL9,8.817821,3.8663220089295116e-133,ZFHX3,5.5113444,4.946048005781488e-116,ARHGAP6,4.4610734,6.551549453660473e-37,TRAC,6.1140323,2.429016029436397e-47,SORCS1,11.982302,7.100101723925805e-69,PTPRE,6.660303,2.5526735701787605e-37,LTB,6.1760554,2.0966370883566992e-15,NRXN3,9.182209,8.3337426474013e-24
ABCC9,6.1010227,3.472550259783485e-244,ARHGAP15,5.2780447,1.0380611811518509e-259,ACTA2,6.2113986,6.908474305242197e-257,CORO1A,6.40989,5.193585531630086e-231,ABI3BP,8.051198,3.2691377697471685e-255,EMCN,7.946111,2.195977083269756e-267,FCGR3A,9.395725,2.03429713857681e-189,COL1A2,5.193801,3.0239334783938565e-84,SPI1,9.867076,4.3584406878102536e-70,PODXL,8.536915,4.10018958939099e-133,CARMN,6.432075,1.2191627620121667e-110,UBE2E2,4.056362,5.699280707155274e-36,IL32,5.46505,1.0854456653334e-46,NCAM2,10.688176,1.3362157803043685e-65,RASGRP3,8.332777,3.243389545117699e-37,IL7R,6.495801,2.8174857628595296e-15,PAX3,10.057468,1.461964076800258e-23
PRKG1,5.4206514,6.928997326250904e-241,CD2,6.4275765,6.698457226078599e-249,MCAM,6.2643437,9.817180146582241e-250,CD2,6.685144,9.865326460374133e-231,CFH,6.690841,1.4103250785493425e-251,ERG,8.86666,9.86645974376412e-267,TYROBP,8.658736,2.8896881008411875e-184,MGP,4.904675,2.2691934149762255e-83,GRK3,5.659846,5.039117368106227e-70,DACH1,8.339836,2.886706813704173e-132,CLMN,6.2602277,1.6355892593858928e-110,AUTS2,3.6495652,9.21680745259953e-36,CD52,5.7008677,4.681406812156999e-46,PCSK2,12.04318,1.7008715992532467e-65,TFPI,6.308365,1.6922636525682184e-36,TNFRSF4,7.4359293,3.0895034146872383e-15,QPCT,9.940944,3.71369121692739e-23
EPS8,4.467908,5.093660851949606e-238,TC2N,6.1119857,1.9006258528601264e-241,SNCG,6.634253,5.254513094448547e-246,SKAP1,6.611677,1.5495818654448597e-227,PID1,8.44873,2.4930172780127014e-251,DACH1,8.967858,1.6749793640131294e-262,CST7,7.6883044,8.479462146206554e-182,COL6A3,5.5381055,1.0957106989721645e-82,HLA-DMB,6.240542,3.1436798946191556e-66,PTPRM,5.9226956,3.735267548436905e-123,EBF1,4.3720727,2.4360694799843593e-110,EBF2,4.885548,1.2397046126788602e-35,CD3D,6.2232475,1.0629307372308756e-45,SLC35F1,10.449899,2.358833502234395e-65,STK32B,8.625386,2.92012105896877e-36,KIT,8.11727,5.699287181714286e-15,DLGAP1,8.829126,9.30051073723388e-23
CHSY3,6.0042315,5.156822422161614e-236,SAMSN1,6.236131,5.240895780004381e-240,DSTN,3.2450778,2.2914233827689385e-240,ITGA4,6.3558154,6.764127668170786e-225,NAV3,7.6086555,3.32563291863805e-249,COL15A1,7.835223,3.3770105247279146e-260,MCTP2,7.33978,2.1411885877510966e-180,PLPP3,4.9167337,1.6176851496896094e-81,MS4A6A,9.357582,1.436379365072228e-65,CYYR1,8.000467,3.506184869999086e-120,CTNNA3,6.707527,1.528565721373821e-108,CALD1,3.7161283,1.4977461660925186e-35,IKZF2,6.411184,5.3310833705317093e-45,GPM6B,8.353977,1.1020276752031406e-64,COLEC12,8.092445,8.711576699181551e-36,TRDC,6.5706,8.148376771183988e-13,ADCY2,9.708482,6.527415190900875e-22
SYNPO2,5.6577754,2.632826610260704e-235,LTB,6.4723835,4.91760448132608e-234,IGFBP5,6.073128,3.5287998506667874e-239,LCP1,6.2481537,1.288170367527344e-220,VCAN,8.499187,6.0690091581252676e-248,DOCK4,7.523741,1.8113712855335843e-258,IL2RB,8.111144,2.969092096172477e-179,CPE,5.0415998,8.067168915362377e-75,POU2F2,5.49159,8.317281381835877e-61,TMTC1,6.7936335,1.4443323350936592e-118,FRMD4A,5.5683475,2.4349856309802868e-108,COL1A2,4.4070168,1.7250193788863346e-35,TOX,5.8008633,2.1122546297254117e-43,ADGRB3,7.7041097,6.71963496090634e-64,SEMA3A,8.85705,2.1374274812327218e-35,HPGD,6.5098863,2.1148121233435433e-12,MDGA2,11.516171,1.164201876134499e-21
TIMP3,4.2717867,7.30391543722461e-234,ITK,6.19812,2.0435520058567123e-233,LBH,5.1156845,5.456332887414099e-239,FYB1,6.3543844,5.332205590872622e-220,NEGR1,7.076729,7.084184626202741e-246,LIFR,7.4356117,2.254003821384356e-258,CCL4,8.15145,1.2984770770454144e-176,CCDC102B,5.3887258,6.957674139617959e-74,HLA-DQB1,5.2080564,5.517223855450131e-60,ABLIM1,6.1655593,1.0159443246071585e-117,PTPRG,4.928535,2.766961240854691e-107,SOX5,4.084116,3.789419882886501e-35,STK17B,4.8156867,1.6095304998970828e-42,NTM,11.559446,3.353069336584944e-63,NRP2,8.3763895,2.1374274812327218e-35,CCND2,5.3262353,2.382626545108191e-12,C4orf48,7.9646244,1.2320201558544854e-21
CALD1,4.2703424,2.22641006789925e-230,STK17B,5.218385,2.6287301972880253e-230,PLAC9,5.7360883,4.491887256260842e-233,ARL4C,6.2650895,1.067899809358007e-215,ABCA6,8.376476,3.72766835234118e-245,MAGI1,7.211866,1.9692633681364058e-249,FCER1G,8.765535,1.0180430535946461e-173,NCKAP5,5.3842225,9.810837102599834e-74,ALOX5,7.6308265,7.50095660812553e-59,SNTG2,7.920079,3.554714305846327e-116,TEX41,5.968271,8.766983260318579e-104,RERG,4.2091646,1.2893742002921276e-32,CD3E,5.8357053,8.821625048230612e-41,FIGN,7.3361034,2.889279408337741e-62,EFNA5,8.092457,3.334367753380908e-35,CD52,5.667154,2.6435918372771018e-12,KCNH8,9.8548155,2.4781863342730765e-21
FILIP1L,4.2981935,2.134726977138235e-227,CDC42SE2,4.84879,9.236092770274041e-229,TSC22D1,4.596537,1.862422806857036e-232,CD48,6.2002835,5.5776354066732265e-213,NOVA1,7.7395115,1.5261413849218423e-241,PLVAP,10.629259,5.717638807686807e-249,CTSW,7.518699,8.367162526927607e-173,TJP1,4.6104345,1.539314532407784e-73,HLA-DRB1,4.807316,1.7597363040707415e-56,PLCB1,5.2349806,9.76218058805191e-112,PICALM,2.4009764,4.852314008781215e-103,PRKG1,3.9854,1.527076044734643e-32,TRBC2,5.3653183,9.303120751229014e-40,SEMA3C,9.897376,5.615274287147884e-62,STOX2,7.9628716,3.334367753380908e-35,LINC00299,5.7383456,8.409910263761768e-12,PLPPR4,8.354728,3.385695722828918e-21
LMOD1,5.777677,2.134726977138235e-227,CD3G,6.5787773,1.0999899176007406e-225,CRYAB,6.2475986,1.9640280262380158e-229,CD52,6.4007826,3.550239542943322e-212,LRP1,6.74858,4.1748376371754844e-241,AQP1,7.6089916,2.5985715668674578e-242,GZMA,7.516057,2.836568236106085e-171,EPS8,4.057735,3.120428949985927e-73,CD74,4.2426434,1.094763589219319e-55,CLDN5,7.937501,1.0043960148736887e-111,MYH11,5.920506,4.01773349679405e-101,PLEKHH2,4.3452535,3.3908948332484205e-31,SAMSN1,5.5201616,3.093623437666961e-39,ANK3,7.2994833,5.368935582326081e-61,ZFPM2,6.7368608,3.7002532135594675e-35,RIN3,5.1644855,1.7377750723047943e-11,TRPM1,13.263736,6.194519012201026e-21
EBF2,6.1837173,1.050853098842471e-222,EMB,5.804928,4.37888672670526e-225,NTRK2,6.134874,3.977817335893529e-228,KLRG1,6.609344,4.396666962305977e-210,SVEP1,9.546991,1.5365521068856404e-235,PREX2,7.4941535,3.906922500718534e-242,FGFBP2,8.639272,5.341768354733747e-171,ARHGAP42,5.090132,7.82443916945723e-73,AIF1,7.794705,2.1992680216395786e-55,RDX,5.2538586,1.4738101591776483e-111,EPHA3,6.716434,8.636988474593559e-101,SLC7A2,4.342132,5.0464031264497085e-31,APBB1IP,5.1111774,1.6759272658046423e-38,FRMD5,10.490595,1.745943301935358e-60,TBX1,10.047124,1.230708843268209e-34,CTSW,5.4108763,2.85654909492228e-11,LINC00511,9.819749,1.0653420734099597e-20
IGFBP7,3.7301998,1.940453314753702e-222,IQGAP2,5.720518,1.672302559412527e-218,BCAM,6.19769,2.165459984981303e-219,CD3D,6.6407504,6.892635623043289e-209,LUM,7.976024,1.6144146423053807e-231,THSD7A,8.190103,6.765539854431176e-236,PLEK,7.7471857,1.0060625199015113e-168,NEGR1,5.403801,4.624207079807867e-72,LY86,9.027925,2.443954276335263e-55,ADGRL4,7.774513,1.7687192940617907e-110,MEF2C,4.4401445,3.134296657750353e-99,PSD3,4.2813835,8.33117228103802e-31,CD2,5.480339,4.905728338031822e-38,SCN9A,10.277527,5.500326622580953e-59,TFF3,12.031688,1.492753602676578e-33,SPINK2,7.7074146,3.4406699261679583e-11,MITF,7.150205,1.3083661628085954e-20
COL6A3,5.7148423,3.6834366262158804e-221,TRAC,6.2509804,2.2073420851409368e-218,NR2F2,5.6337314,3.4614486541606225e-216,CD3E,6.5576415,9.358089293534589e-207,DCLK1,7.0028014,1.6676341411034515e-230,ITGA6,7.137041,1.5265632705186834e-232,AOAH,7.6861987,1.0060625199015113e-168,TFPI,4.9002347,5.018424110248588e-70,HLA-DQA1,5.200946,6.57379766802103e-55,AFDN,6.5422854,1.0375204794681121e-109,DLC1,4.733512,8.897982978484606e-99,EBF1,3.4263413,9.900427359831816e-31,IL2RA,7.127491,6.171988534124123e-38,CADM1,7.60709,1.658174613061059e-58,ST6GALNAC3,7.4108114,1.676413339679613e-32,CARD16,5.258432,3.835884419576833e-11,MLANA,10.113932,1.55358826085999e-20
CPE,5.42862,3.938544270387176e-219,PDE7A,5.05707,3.576387053977425e-216,NET1,6.6591563,1.275526785023541e-215,ITGAL,6.1318917,1.7134762882706207e-203,ABCA9,8.875448,2.8352594980788247e-229,ABLIM1,6.3047113,1.3147285687645593e-222,KLRB1,8.153457,2.7925371768650916e-166,ID4,5.0249777,5.358688330362219e-70,MPEG1,10.844084,1.6016653350841372e-54,ARHGAP31,6.424116,1.1914857389825252e-109,RBPMS,4.7240815,1.0092002388504771e-98,LAMA4,3.9597697,1.1550522309647234e-30,TNIK,5.1866007,4.511714776241663e-37,COL28A1,11.15347,8.949057777721204e-58,MRC1,9.962513,1.73086756477393e-32,PTPN7,5.4176598,6.960063990720507e-11,SNCA,8.84972,1.564739596102798e-20
ADGRF5,5.8400173,4.2442778138466176e-218,STK4,4.7721486,9.985378167963376e-211,RRAD,6.7563405,3.440159552105093e-213,CD3G,6.5614305,1.7134762882706207e-203,C1S,6.566147,1.3369967413966318e-227,NOSTRIN,9.218158,2.26753731238694e-216,PYHIN1,7.2013154,4.1143914903212794e-166,ABCC9,5.2070017,1.8129370152460842e-69,IFI30,6.7026014,2.302673147786142e-54,RUNDC3B,8.230864,2.12832708325842e-109,APBB2,4.8580065,4.592666573809281e-98,PARD3B,3.6094122,1.3199483431053392e-30,CASK,4.019838,3.018102452894117e-36,PPP2R2B,6.3559356,2.689450870638424e-56,SEMA3D,8.73159,4.694155095175568e-32,CD96,5.277532,7.675815441040533e-11,STMN1,7.4982443,1.6170422916340415e-20
LGI4,5.8323116,6.640829273555449e-216,CYTIP,5.620875,1.6725044670522358e-208,SOD3,5.7958694,3.8258732433015284e-213,IL32,5.9783454,7.422824801577201e-203,ABCA10,7.6399007,1.4850222210616898e-227,CCL14,9.753125,9.945677601020064e-215,SPON2,7.3723993,2.1962734907954156e-163,SMOC2,5.297763,6.286381343426427e-69,LYZ,7.9526205,3.746969428987493e-54,DOCK9,5.244091,6.4943006787955e-107,PHLDB2,5.005051,5.87356511573738e-98,CHSY3,4.2641263,3.8549059525060525e-30,RIPOR2,4.306386,1.7822398940393224e-35,GRIK2,9.118339,2.8682340759875857e-56,RELN,8.870532,7.02023841054431e-32,HOPX,4.970522,1.1969870065331367e-10,LINC01320,10.514752,1.7931743273700216e-20
IGFBP5,5.308745,4.6156464486644705e-210,CD3D,6.3290977,2.4200482106071326e-206,ZFHX3,5.3138237,1.881331287795329e-210,PRKCB,6.1091046,2.269187436203111e-202,MMP2,8.181333,2.3658312283898025e-225,CD74,5.6090646,7.960954445422565e-207,EFHD2,6.629098,4.496312739356956e-163,MYO1B,4.6755295,5.004096031874574e-68,TLR2,7.721751,1.4332790260587178e-53,PLCB4,6.623225,1.008060592593246e-106,ARHGEF7,4.3810883,9.73003577615253e-97,EPS8,3.1821544,1.1089388302711307e-29,ITK,5.2615724,2.2024504133055532e-35,DMD,6.3226285,4.267928776070326e-56,FRMD4B,6.6410704,2.797213973186189e-31,HCST,5.238326,1.488066334208747e-10,PCSK2,9.915586,1.9209485531745165e-20
TPM1,4.430141,7.067855563173775e-209,AC079793.1,5.310793,1.5571189989606285e-205,C12orf57,3.4555516,2.4443072749534928e-210,SRGN,5.651813,7.5226994373846325e-202,SLIT2,8.0594425,2.78813718039037e-225,PTPRM,5.7897835,2.470654201343341e-202,CD7,7.5102735,3.1749164583774117e-152,SLC7A2,5.1383624,5.4448255810988e-68,FGD2,8.877203,1.7327034801086286e-53,IFI27,6.73838,5.953063156363934e-105,LAMA3,5.550713,1.0331742578694384e-95,PRRX1,4.010492,3.3690527192896785e-29,ANKRD44,4.2866898,2.298922051318491e-35,NCAM1,8.431507,5.341894995194141e-56,MAGI1,6.59763,6.749646876019446e-31,SYTL3,5.1863456,2.0062211950890058e-10,BMPR1B,9.346375,2.7113474254152467e-20
TPM2,5.450917,7.398546422968539e-206,CD3E,6.1748066,1.6076975953521158e-205,CRIP1,3.066384,3.1027861940011657e-210,TRBC2,6.206763,1.046134217246213e-199,FBLN2,7.733253,1.3219781965832222e-208,CDH5,8.016847,2.8775210127731726e-201,CX3CR1,8.142114,1.765941491922149e-150,COL1A1,4.8584228,3.1488534906968574e-67,WDFY4,8.410695,5.232255544301512e-53,CXCL12,6.06205,2.3913178290051068e-104,JAG1,5.3167157,1.002969663098686e-92,DST,3.441532,4.53596169433398e-29,EMB,4.992577,2.838160075932696e-35,EHBP1,4.57222,1.4334943013251548e-55,ERG,7.332143,2.4042210379695618e-30,TSTD1,5.203096,3.0664723474021246e-10,SLC16A10,9.196915,3.096289541220518e-20
NR2F2-AS1,5.3655295,4.403682035082526e-205,PAG1,5.357397,5.426072986428611e-205,PLN,6.9721794,3.2025771209531305e-204,PZP,6.5857253,9.214030605885368e-199,COL6A3,6.553094,1.5853457542552484e-206,CLEC14A,7.9829607,1.0859268434664597e-198,ITGB2,6.534428,2.980908668785681e-148,SPARC,4.200627,6.611462671591316e-66,HLA-DPA1,4.562487,5.791065444724544e-53,ABCB1,7.1332,2.876745491369819e-104,NTRK2,5.5817847,2.9316825128564835e-92,EPB41L2,3.52987,6.991854440547679e-29,CD27,6.455774,8.41595071261889e-35,NKAIN3,11.830267,5.4511328315386624e-55,RHOJ,6.2403183,3.332849279602418e-29,AFF3,5.277127,3.4509112877689607e-10,OCA2,9.838471,3.554752977242037e-20
NOTCH3,5.425487,1.8640235774925084e-195,RIPOR2,4.84779,2.647226121861393e-200,NOTCH3,5.9729624,1.9206200658676572e-203,GZMM,6.4860826,1.3366319486101474e-197,MIR99AHG,6.6980987,2.9363498614657598e-205,ZNF385D,7.596644,7.012905133957222e-198,GZMM,7.009861,2.1147649378767294e-147,TRPC6,5.1769257,4.243278189479261e-65,HCK,9.037387,7.008955906162834e-52,MAST4,5.8452644,2.940285270137856e-104,NOTCH3,5.522587,3.6217428865375603e-92,COL3A1,4.006055,9.191954228603133e-29,ETS1,3.6754973,2.0980647253548688e-34,DST,4.696135,5.202574944551849e-54,BACE2,6.4890747,1.0143020923693824e-28,MATK,5.4828343,4.2881090285756446e-10,CRABP1,11.939617,5.700067387122241e-20
LINC00989,5.8824687,6.278126300005255e-194,CD52,5.593537,2.913614174223836e-199,CCDC3,6.196868,2.3891109092959018e-203,CD53,5.945246,4.753730417008824e-197,ABCA8,7.8253617,1.1359975321507432e-204,HLA-DRB1,6.3056264,1.0282068700818922e-196,BIN2,6.5667043,1.791922666121388e-144,DLC1,4.3855834,9.68648401630656e-65,TBC1D9,5.102822,3.397960762683495e-49,CD74,5.293524,2.940285270137856e-104,UTRN,1.4553074,1.5640813631502956e-91,RBPMS,3.2592971,6.443170205687876e-28,CD53,4.87741,5.216959526283913e-34,IL1RAPL1,8.840616,8.773998415133864e-54,ITGA9,6.5466986,9.710612043731462e-28,LSP1,4.827579,6.044912566783618e-10,BACE2,7.2620587,5.9076350336851e-20
SOX5,5.1553373,1.111274413088554e-192,PRKCQ,5.7777395,4.645707436047275e-199,EDNRA,6.0576496,1.0169695768035946e-201,TRGC2,7.741055,1.3265878904579714e-196,LPAR1,7.6135187,4.209757642399343e-202,RALGAPA2,5.3519845,1.0282068700818922e-196,FAM49B,5.7794366,4.9392006406351105e-142,TWIST1,5.0607824,3.936838845359736e-64,RNASET2,4.59257,6.2577424387455056e-49,CDH5,7.4606442,1.1407140364401142e-103,RBMS3,3.9713268,1.5715835673327637e-90,PTK2,3.1493735,8.389350815001045e-28,CD247,5.2697134,7.362517179368671e-34,SIPA1L2,7.459526,8.773998415133864e-54,DOCK5,6.1954255,1.693908606560628e-27,IL2RA,5.987081,8.509594177050847e-10,GCNT2,8.561467,7.533701436679295e-20
PARM1,5.4292564,1.9537768252288698e-191,MDFIC,4.735883,3.66841094218646e-197,PTMS,4.5180607,1.9355342574352945e-200,EMB,5.920423,1.9331002871185224e-196,CTSK,7.050447,4.704191762302266e-202,NR5A2,8.493424,1.9072011048811168e-196,MYBL1,6.9025316,3.999788661981383e-139,PRKAR2B,5.224735,2.7842375168926483e-63,HLA-DPB1,4.315131,7.066001748410945e-49,SLC9A3R2,6.547063,8.800487975829415e-103,COL4A5,6.2514954,6.906532167040425e-89,MEOX2,3.7180498,8.449035764645521e-28,PHTF2,4.26359,7.547818743709239e-34,SLIT2,8.073635,1.1445806266289829e-53,MPP7,6.1168804,1.896328067366154e-27,TPD52,5.050272,1.0576592409629348e-09,GPM6B,7.5886297,1.1335350691330376e-19
COL6A1,4.8587923,3.0228296110495373e-190,TTC39C,5.22923,4.0453120652838044e-197,MGST3,3.4956656,2.0067186446936996e-194,IQGAP2,5.905246,2.984931416927412e-195,PLXDC2,6.412473,9.851418777358814e-198,FLT1,7.607884,2.336092303052278e-194,KLRK1,7.2055354,8.684199015904773e-138,TAGLN,5.074027,3.4952224661951575e-63,ARHGAP24,4.4900374,1.2862974755348704e-48,ADGRF5,6.35968,3.485698665310424e-102,INPP4B,3.6110282,1.1714198002390185e-87,COL4A2,3.6007502,1.18325364139278e-27,STAM,4.9842544,1.4896481784309723e-33,LAMB1,7.1863694,5.508115808182367e-53,TSPAN5,6.0562067,3.3528551024595644e-27,SAMSN1,4.993027,2.116790996876989e-09,PLXNC1,7.61182,1.2387879477757162e-19
COL25A1,5.78411,3.0228296110495373e-190,ANKRD44,4.799493,7.558031285689234e-197,MAP3K20,5.0192404,4.8015314399530184e-188,IKZF1,5.965054,5.383679886771956e-192,CDH11,6.655275,4.4576168905253396e-194,TSPAN7,7.719425,4.753055995855245e-192,RAP1GAP2,6.7370844,8.81806562428972e-138,COL6A2,4.447478,3.9577148563938226e-63,PIK3AP1,5.3226523,5.2000220789901304e-48,FLT1,7.2107425,1.5523853934632276e-101,PPP1R12B,4.0487723,5.625777753251184e-87,COL5A2,3.7741039,1.8787991706176197e-27,CAMK4,5.534947,3.4060460542137726e-33,LPAR1,7.912719,5.7048067883222845e-52,KLHL4,9.494665,4.0318697264965994e-27,TNFAIP3,4.7201786,2.1811447956534956e-09,KIAA1549L,10.681791,1.2722637890561126e-19
RBPMS,4.5206375,6.759741691648983e-186,CD69,5.7258964,2.3568458946916585e-196,GSTP1,3.348276,6.562124104687042e-186,MBP,5.5979776,1.1416071195325244e-191,EFEMP1,8.30962,6.047289117384382e-194,RASGRF2,6.874385,3.8337850830933196e-191,SAMD3,6.6306667,4.5190038725776e-137,EGFLAM,5.2410088,5.872941652649725e-59,CD86,10.010512,3.022250006237183e-47,EGFL7,7.3031054,1.1525665869068728e-100,PTEN,2.7713904,1.9662275854020253e-85,NEGR1,4.061405,4.373833979078117e-27,ARHGAP15,4.3733187,4.671005509980771e-33,CHL1,10.112214,2.407284269802738e-51,EGFL7,7.003448,4.4009413891999075e-27,STK17B,4.497867,2.9395328144155095e-09,PMEL,10.048292,1.3246232886796416e-19
COL3A1,5.0537868,1.0885316254926172e-184,ANK3,5.911335,4.422558591026377e-196,LMOD1,5.8329644,2.6201131361098546e-185,PYHIN1,6.1647797,1.855691513301714e-187,COL1A2,5.8283315,1.912298138206157e-187,LMCD1,6.966,1.415109277388793e-190,ARL4C,6.268201,8.082109578025481e-135,COL5A2,4.5951033,1.401599409726986e-58,MANBA,4.594248,3.026160199469572e-47,RAMP2,6.7751255,5.791406306382596e-100,CACNA2D1,5.1316447,5.965675534569295e-85,UACA,3.551012,7.989913942059383e-27,LTB,5.3640776,6.477314091495886e-33,QKI,3.4913843,2.407284269802738e-51,ZNF521,6.1625266,6.434644621899668e-27,ATP8B4,5.062144,2.94652278022348e-09,EGLN3,8.52197,4.304612459212805e-19
MGP,4.6128974,8.12730053535926e-183,PARP8,4.982111,4.521954880033829e-196,CPE,5.5087113,3.0483480147201954e-185,RAC2,5.88775,2.5596623286069154e-185,PTGFR,9.360542,3.3143683018342392e-183,EGFL7,7.673686,3.4227949041263404e-189,LCP1,6.1097,3.491933152322596e-133,CFH,4.667984,3.603161314188091e-58,LAPTM5,4.4115243,2.951586755643766e-46,RASGRF2,6.511438,8.382168578573532e-98,DMD,5.243298,6.194631848498945e-84,YAP1,3.750216,1.0669885819367867e-26,SLC38A1,4.4868884,2.6524116756304445e-32,TENM3,10.037437,5.28137581201217e-51,KALRN,5.7677298,8.487459983318166e-27,FXYD5,3.8310087,2.981897850881365e-09,NSG1,9.110536,5.195589647410164e-19
COL1A2,5.072355,9.776691664442876e-180,IL32,5.429953,8.321144464957653e-195,KANK2,5.442526,3.102430990304993e-185,APBB1IP,5.6903744,3.0027673960914288e-183,PLAGL1,6.220597,5.407161072551272e-182,CD93,7.469202,4.554932265743745e-189,MYO1F,6.174469,1.1277273387896621e-129,NR2F2,4.609849,4.8661208537084235e-58,FCER1G,5.357042,2.951586755643766e-46,TEK,7.6679883,1.8028074497533475e-97,NFIB,4.158464,1.601231337587681e-83,COBLL1,3.4529233,1.2849997229213026e-26,CD37,4.7696543,2.7293276740024884e-32,MATN2,7.863192,1.5198441369555352e-50,ARL4A,6.348102,1.2681396824897593e-26,XCL2,5.8231115,2.981897850881365e-09,ST8SIA6,8.258148,5.354979260338459e-19
LHFPL6,4.2967563,1.0876020769608518e-179,RHOH,5.7494645,3.838767682261164e-193,TINAGL1,5.62898,3.033288417434271e-184,KLRD1,6.739159,3.2490746607049852e-183,COL1A1,5.960112,5.739492353516671e-182,ARHGAP31,6.356525,5.771567667018338e-187,GNG2,5.829564,6.63723039451466e-129,CALD1,3.7880867,6.616380521103711e-57,BMP2K,4.5284324,3.3425520584338566e-46,LIFR,6.218994,3.327551025364844e-97,EPS8,3.9363208,1.909201292114637e-83,PALLD,3.459994,1.625056715312056e-26,TTN,5.7833858,3.2352787105943485e-32,ERBB3,10.964075,8.029952102169356e-50,ELK3,5.2354693,1.9278896593524255e-26,ID2,4.571224,4.872542715021974e-09,DPP6,10.937794,5.83656014788444e-19
FHL1,4.6070457,2.996883594831506e-179,APBB1IP,5.2846203,2.112512009930997e-190,CAVIN1,4.654688,1.0210374947111076e-183,CD247,6.0940747,5.361651913371191e-182,COL6A2,5.471907,4.383974095586707e-170,CNTNAP3B,7.991313,1.4494940866226714e-186,CD53,6.137998,3.9666586775675273e-128,ADGRF5,4.8805733,1.6788000856169645e-56,PRKCB,4.505143,5.180843961065445e-46,HLA-DRB1,5.9040666,1.619151887485326e-96,SYNPO2,5.2489758,3.1973674211345388e-83,PPP1R12B,3.0638084,2.3505934249192865e-26,LDLRAD4,4.296449,3.2352787105943485e-32,PMP22,5.439189,9.435407215761986e-50,PGM5,6.1087475,2.043276759882234e-26,RGS10,4.555783,5.342170862290117e-09,FXYD3,10.410745,1.3432162143414928e-18
INPP4B,3.7087924,8.52820152850268e-179,CXCR4,5.9447737,4.634360377394821e-189,CAV1,4.599206,6.338234183501761e-181,IL2RG,5.77194,1.2500798971467997e-178,MXRA8,6.5257564,9.961621814553441e-167,HLA-DRA,6.628823,1.6760771370302824e-186,SH2D1B,9.415308,1.7183187687788705e-125,ADRA2A,4.879713,2.913567709358753e-56,CIITA,5.456312,8.713151393067887e-46,CD34,6.604104,2.153363282050909e-96,GUCY1A1,5.5987988,9.22528746466146e-83,PHLDB2,3.454903,2.7067789767213465e-26,CCDC141,6.8284044,4.410800905688539e-32,ST6GALNAC5,12.206193,4.69296168661317e-49,CNTNAP3B,7.085195,2.1783507531918436e-26,MB,9.804353,7.861542955180345e-09,SLC1A4,8.729236,1.8181445202018024e-18
PDE5A,4.545489,1.0887768756633313e-178,DOCK2,5.40617,7.400681097307523e-189,FRZB,6.2070923,9.625375423042104e-181,IKZF3,5.94489,8.56628647568939e-178,KCNT2,6.1421876,2.367243591557545e-161,SMAD1,7.08641,1.9974900669606158e-186,CYBA,4.90549,3.2049261468497734e-125,ADAMTS5,5.2722135,8.388858137903506e-56,PLXDC2,4.571154,1.2078402555478244e-45,JAM2,7.0459986,4.1381828011726675e-96,PPP1R12A,1.8898759,2.6836365094585924e-82,PTPN13,3.8442688,5.072786737429446e-26,IQGAP2,4.702546,4.884238773630448e-32,ITGB8,8.716798,3.740499593066044e-47,ZDHHC14,6.180009,2.1783507531918436e-26,MDFIC,4.2232227,1.141044875495844e-08,TFAP2A,9.983637,2.143983655071882e-18
COL6A2,4.674685,7.422593538684952e-178,SCML4,5.7948856,6.56398809847002e-187,TBX2,6.3279305,4.786631517321196e-180,BCL11B,5.907468,4.905452289567457e-176,C1R,5.766463,2.382759726480413e-161,PKP4,5.9120774,3.406001373996522e-186,VAV3,6.1905503,1.7556347234835028e-124,ARHGAP6,4.458774,2.519944153493147e-55,LST1,6.1292896,2.985265087138656e-45,ERG,7.0630407,3.2191081098381014e-95,RGS6,5.9712324,1.320772087388585e-81,DMD,3.8164601,5.719511102072218e-26,STK4,4.0253325,1.2298103207755587e-31,ZNF536,11.591874,5.132480643706728e-47,TSHZ2,5.981386,2.7881955162869486e-26,SH3BGRL3,3.9687274,1.2651524741886605e-08,PLP1,9.468768,6.256888115613279e-18
FHL5,5.604016,2.6659356029806443e-173,RASGRP1,5.5887213,2.637680717106751e-185,MAP1B,5.233893,2.9082043207025573e-174,CD96,5.9365993,1.3043896561995583e-175,C3,9.349779,1.8339463328658713e-159,MYO5C,7.952962,1.8313940085481585e-185,HCST,6.076767,2.4913864377820483e-124,GNAI1,4.530413,4.324850415775909e-55,TYROBP,5.108974,5.683390489491451e-45,ST6GALNAC3,6.9189563,6.942688071649206e-95,DST,3.9186351,5.605451549258496e-79,PDE1A,3.959133,9.247379300050249e-26,ARL4C,4.801136,2.6288798389194164e-31,SORBS1,6.2529755,8.723043710827224e-47,SEMA6A,6.4515057,4.4509765198808764e-26,CD69,4.784461,1.2651524741886605e-08,NAV3,7.3512125,7.997575813595031e-18
ADGRL3,5.572465,6.537083576997633e-172,CD53,5.3551364,2.571140488576131e-184,FXYD1,5.0638127,3.804072297787365e-174,TRAC,6.009684,2.0723229572320124e-174,SNED1,5.43943,5.195448656086439e-159,SEC14L1,6.0480313,2.0771865060302077e-183,TRDC,8.11541,1.2694265459755541e-123,MRVI1,4.7396135,9.809194302434934e-55,PLEK,4.766932,7.132628136929547e-45,EPAS1,5.2873087,3.0501860236329264e-94,CPM,5.681564,6.61990314221553e-79,TEX41,3.7131052,1.2139874495551214e-25,CDC42SE2,3.9431682,3.968674641144735e-31,PLP1,10.466275,9.385282896193105e-47,VAV3,5.9413095,1.0615961203189339e-25,TRAT1,5.105374,1.6142989757930634e-08,ST3GAL6,7.643708,1.2355204426394787e-17
SGIP1,5.346966,9.077659905248306e-170,TNFAIP8,4.6928487,3.907478685584936e-183,ADRA2A,5.8576055,4.8640140284978e-174,ITGB2,5.694521,4.593580156887211e-173,SERPINF1,5.7807746,2.1440572814631446e-155,CADPS2,6.2267246,1.6267026857379835e-179,GNPTAB,5.443917,6.492553430992003e-123,RYR2,4.797529,3.107021819013936e-54,HLA-DMA,4.7259903,8.469991997915505e-45,UACA,5.2969246,1.885864597637231e-92,CALD1,3.740503,8.187760139087496e-79,PEAK1,2.961477,1.3179643103504716e-25,ARHGDIB,3.3655367,5.962898919961719e-31,CLU,5.8458495,1.9484717332560682e-46,NRG3,9.330802,2.6393354460025797e-25,MBP,4.760782,1.6639818066336355e-08,MTHFD1L,7.1372933,2.5468739944454695e-17
ARHGAP6,4.7655473,8.058602747321876e-169,CD247,5.646985,1.2101798670769506e-180,RCAN2,5.239241,3.976293893629482e-172,RUNX3,5.7065797,3.4789984282828116e-172,FSTL1,5.477368,6.524560885303802e-148,SHANK3,7.841556,3.845759035147402e-179,MBP,5.6695905,6.824002096843896e-122,SLC38A2,2.6325016,6.711094296162775e-54,CLEC7A,9.49219,2.2388357320459395e-44,LDB2,5.2128344,7.125748330741286e-91,PDE5A,4.4967985,1.115222760829941e-78,SYNPO2,3.755193,2.7472557567525574e-25,RCAN3,5.111414,5.962898919961719e-31,KCNMB4,8.154706,5.130366720682887e-46,MIR99AHG,6.2484603,5.768535898515167e-25,NCR3,5.3648467,1.6729862684176286e-08,SGCD,7.3517337,3.590359471918435e-17
CSRP1,4.3120704,5.194476563231335e-168,CCND3,4.5503955,2.1789697732028614e-179,NDUFA4,3.0413077,2.494619504185462e-170,CD37,5.6502395,7.062092315363091e-172,COL3A1,5.4820924,1.899818069670344e-147,NRP1,5.9072695,2.4215106337858118e-178,PTPRC,6.234175,7.073492117304167e-122,LURAP1L,4.875276,5.0411510509703236e-52,BCL11A,8.322673,4.353764122070708e-44,TM4SF1,6.270009,7.849375936261291e-91,ARHGAP10,3.8690982,2.311762844633713e-78,LINC00924,4.1285105,5.387448325116873e-25,CTLA4,8.175388,6.739462231766808e-31,SPTBN1,4.0631323,6.5111180821808196e-46,EFEMP1,6.9225335,4.8866127554894385e-24,MZT2A,4.422441,2.4715578296815292e-08,PRELP,7.1700535,1.3069350261438305e-16
CAV1,4.229,7.069742583743604e-168,TRAT1,6.709239,1.5649843732981178e-178,PDE3A,5.644584,3.0131960420055024e-167,MYO1F,5.6061726,6.821374485231139e-171,MRC2,7.6014686,4.621025535843337e-147,RPS6KA2,6.2459655,4.0695318581443504e-178,SKAP1,6.2801905,5.596931441572606e-121,ADAMTS12,4.955022,5.998886295176243e-52,VAV3,4.5109425,2.426928674298788e-43,RNASE1,7.280785,1.1552015440307928e-90,PTK2,3.6942465,8.615427402772778e-78,TTC28,3.1717088,1.0611968245770875e-24,ZNF831,5.223751,7.39663045479813e-31,FRMD4A,5.391818,2.287177809222342e-45,APP,4.6609964,5.753418458511165e-24,PLP2,4.246577,2.9444229237991263e-08,SEMA3C,8.075685,1.3531841322344332e-16
ANGPT1,5.177183,8.225605287077637e-168,LCP1,5.259466,9.53610786579986e-174,TBX2-AS1,6.981729,1.2430740898821326e-166,CCL4,6.447679,1.8079704427737224e-168,COLEC12,7.0261636,2.055492437424151e-146,IFI27,6.724661,4.864757747754617e-177,RAC2,5.8172884,8.240623642930736e-117,NOTCH3,4.6068196,8.563655903464255e-51,EMILIN2,5.1874075,3.0864750929374848e-43,MTUS1,5.6445336,1.494437431476196e-90,EDNRA,5.3325567,1.3823801812066377e-77,FRY,2.9769347,1.7438913521327865e-24,ICOS,5.843085,8.200369791163346e-31,RELN,9.036343,3.7889714707539635e-45,ECSCR,6.947093,7.552524054319587e-24,CD53,4.873542,3.162472914680716e-08,SOX4,6.413062,1.6948881966915205e-15
MAP1B,4.6753993,8.198932757609232e-167,CDC14A,4.6418624,1.560812654533024e-173,MYLK,5.1171966,1.956450282375251e-166,MYBL1,6.0361824,3.1512530219109217e-168,CLMP,7.199007,4.450165073950447e-146,LDB2,5.4729567,1.574186909278944e-176,RUNX3,5.993292,1.0777847369019466e-115,LHFPL6,3.8210433,1.5268668573282514e-50,NOTCH2,4.311897,7.024653208756355e-43,ID1,6.9126434,2.8664214411048296e-90,PDE1A,5.380992,2.0152977311346046e-77,ADGRF5,3.735132,8.31826958344613e-24,CORO1A,4.6689744,8.371756923702698e-31,HSPA12A,8.360861,1.2618356726222568e-44,HECW2,6.1832523,1.28208691985928e-23,IL32,4.540245,3.506122965355707e-08,BCAN,10.963408,3.0460018887780717e-15
CARMN,5.1998887,1.0142844348635214e-163,SLC38A1,4.923049,3.697590136994875e-170,RPL7,2.0538423,6.081761781110454e-165,PARP8,5.034965,1.8766153768567555e-166,SPRY1,5.2443385,1.1878884911087962e-145,JAM2,7.2673836,2.536581105735644e-175,HOPX,5.8175817,4.95663284219241e-115,CHSY3,4.5432506,1.542204273773555e-50,OSBPL11,4.5866218,8.190037079513335e-43,CTTNBP2NL,6.0750656,2.0923353907637327e-89,PPFIA2,6.0864906,3.0921822033550078e-77,CARMN,3.8535936,8.594612372234416e-24,IKZF1,4.754124,1.805346037622304e-30,AHR,3.9404376,1.2618356726222568e-44,PIEZO2,7.7780223,1.28208691985928e-23,AREG,6.2061477,3.907301159998397e-08,TMEM117,6.2461057,3.24560351650436e-15
CD44,2.8304994,1.1106271980007292e-163,CD48,5.095784,4.426536148044874e-170,MYL6,1.9301401,7.304166809740063e-165,GNG2,5.308522,2.1147342829142457e-165,FBLN5,6.981984,7.142174280838482e-145,ENG,6.221751,6.138509458329107e-172,SRGN,5.3058453,4.922374243968571e-113,IFITM3,3.4864917,4.2441852226213597e-50,CD68,6.3595934,1.1327790303280758e-42,LRMDA,5.1879206,2.2165654163902394e-87,RERG,5.228396,3.0921822033550078e-77,DIP2C,3.5117874,9.265097391205642e-24,LEPROTL1,4.3430176,6.325435810378094e-30,TGFBR2,3.5938587,2.0585424655665676e-44,TLL1,7.534914,2.7281223608190775e-23,RCAN3,4.687137,4.313305967912475e-08,GPNMB,6.2374973,3.364214472951299e-15
ADIRF,4.110201,2.833047548844138e-163,SPOCK2,5.709004,5.721698028031049e-169,MFGE8,5.0687423,2.534816545016991e-163,LCK,5.7267437,5.67149412314606e-165,OLFML3,6.1559463,1.9935456867071546e-144,TSHZ2,6.016048,1.1009036223028716e-170,ITGAL,5.9071956,9.995842192870896e-113,EBF1,3.7222066,5.232530369100953e-50,DOCK2,4.35375,1.57313155630096e-42,ADAMTS6,7.311346,1.0505847031184685e-86,AC012409.2,5.4167814,3.776845903729896e-76,LARGE1,3.465405,9.90407543616232e-24,IPCEF1,5.123371,7.328580863304599e-30,IQGAP2,5.267533,2.941005107183539e-44,CAVIN2,6.353492,2.83693733182179e-23,RAC2,4.6487136,5.364450065110804e-08,GPR155,6.4426384,6.953365169463302e-15
LINC01197,5.096498,1.7106322266428395e-162,TRBC2,5.1240573,1.3748200678172624e-157,HSPB1,3.5237765,9.243477687917472e-161,CYBA,4.764302,9.316226384495496e-164,MFAP4,5.9201746,1.8806822100450211e-143,DNM3,6.300802,6.194222652971163e-168,BNC2,6.4932184,3.5562906301285202e-112,ADIRF,3.9210088,5.60321859704112e-50,NCF2,6.97729,1.8631998252760892e-42,CLEC14A,6.888156,1.8857366082498418e-86,RYR2,5.6783967,6.749558841124195e-75,NCKAP5,3.7271104,1.0910495632086625e-23,TIGIT,6.039037,7.824386611540107e-30,SOX6,6.6338987,3.067423344794816e-44,FAM189A2,7.0929413,3.98859885757808e-23,STAM,4.522558,5.743886959912793e-08,CRNDE,7.0011864,6.953365169463302e-15
DMD,4.784522,4.210886466084062e-162,ARL4C,5.067772,1.8216969009945583e-156,CAV2,4.784425,9.81513582666359e-160,TC2N,5.551489,3.3255962384019866e-163,KAZN,5.5737295,2.907720009042051e-140,AFDN,6.1533837,4.8371427542644693e-166,PRKCB,5.9526463,8.791630393619006e-111,PARM1,4.4940023,2.8521462078943286e-49,TBXAS1,5.0935597,1.931227431820266e-42,FAT4,6.016123,1.6199496953182535e-85,MAP3K20,4.35001,2.1912671868600536e-74,PELI2,3.2351146,1.3131813506088949e-23,HCLS1,4.4712896,1.1976481262834704e-29,ADGRL3,6.7434173,4.764288944394276e-44,SLC22A23,7.2916374,4.0513632435529914e-23,TMPRSS11E,11.2957325,8.828489315731641e-08,SOX6,6.699543,7.685477768483104e-15
C11orf96,4.8436785,2.0235874284941697e-158,EML4,3.9175215,2.4024761587916964e-156,CD9,4.4223533,1.3774690726533783e-159,BIN2,5.5871863,3.9209831524967153e-163,GPC3,8.327991,3.104562345529611e-140,CLDN5,7.5786457,5.038246415627176e-166,LYN,6.1142673,4.98698238230247e-109,LBH,3.6824698,1.3861449968153092e-48,HLA-DRB5,5.012514,5.87483582064326e-42,GLUL,5.09688,4.194216989839104e-85,DOCK8,3.3755946,7.391567665249448e-74,SPECC1,3.2239804,1.4429092993236042e-23,LCP1,4.568083,2.3737763489154834e-29,GAS7,6.576549,7.602638543117852e-44,LIMCH1,6.386038,4.9596428720966185e-23,HTATSF1,4.3559256,8.887822240782218e-08,STXBP6,6.810498,7.796543981594759e-15
SERPING1,4.3162327,3.5563974111829437e-158,LCK,5.2211037,1.0545044163776885e-155,LGALS1,2.9948404,2.2958494087378066e-159,CYTIP,5.5295205,2.404512164517117e-162,FGFR1,5.3741508,5.7316788563220185e-140,DOCK9,5.074539,3.2077238168961925e-162,GZMH,6.954282,8.087683742464907e-109,MEF2A,2.4804676,4.829839642409506e-48,ADAM28,6.7769136,7.577374081002192e-42,EFNB2,7.321931,1.6850819551563048e-84,PARM1,5.233869,1.95850862362932e-73,COL6A3,3.780093,2.0345762717845695e-23,LCK,4.8330374,2.5576415787249904e-29,PIK3R1,3.593056,1.629829150769476e-43,PLSCR4,5.067329,6.503971003076555e-23,MPZL3,4.865849,9.223783342719531e-08,MFSD12,7.2379174,9.688983611000292e-15
LAPTM4A,3.2213926,5.683733051122336e-157,SRGN,4.7030177,3.4713224439132408e-155,SPARCL1,4.9209585,2.3064224652444228e-153,CD69,5.695121,1.1068220608996313e-160,COL6A1,5.328153,1.6256361433959609e-139,PLEKHG1,6.4181304,3.109212092451084e-160,CARD11,5.92547,1.6735131647558056e-108,KCNT2,4.686217,6.54590497139301e-48,NCF1,5.8230677,8.390297331200662e-42,RPS6KA2,5.7474694,7.7925905011824775e-84,LPP,1.3267452,1.1249703647930696e-72,PDZRN3,3.994925,2.377081905753139e-23,DOCK2,4.6305866,2.6685593365198137e-29,ITGA6,6.135231,2.3150688693519036e-43,RALGAPA2,4.836512,1.0606021847086445e-22,IL1R1,4.6327047,9.621246905123797e-08,PCDH11X,9.906665,3.213880959461946e-14
IFITM3,3.566746,8.791810933497996e-156,RUNX1,4.471312,1.64601985322241e-154,HES4,5.5863867,4.293229499281177e-151,SLFN12L,5.45542,1.384188271892297e-157,SELENOP,4.956666,1.4008729456782532e-138,TM4SF1,6.362943,3.209189835252358e-159,IQGAP2,5.7154417,2.500231936410058e-108,COL23A1,5.345468,6.128443704361474e-47,EVI2B,4.2669954,1.4047484408708832e-41,ARL15,3.7093248,1.6168787162465253e-83,NET1,5.854313,1.7298077929282632e-72,TFPI,3.5179837,2.482710045724775e-23,PHACTR2,3.6888416,4.653861548511475e-29,ARHGAP24,5.8788533,2.7880785655192704e-42,CDH13,5.67574,2.173328099687262e-22,ICAM3,4.4626584,1.1169561112578705e-07,CDH19,8.510089,6.572151516439273e-14
C1R,4.890365,9.041431315142081e-156,LEPROTL1,4.5676055,1.535420922544879e-153,NME2,2.9633927,5.1179087145572604e-151,TRG-AS1,5.715056,3.863173600193255e-157,ANK2,5.259799,5.983066108861481e-136,ELOVL7,7.9991827,4.980471792407866e-159,ABHD17A,5.099979,2.740849708616552e-108,PDGFRB,4.1372886,1.2110749418905651e-46,MS4A7,9.503253,3.0232232282934065e-41,CPNE8,5.218737,5.2561801149866984e-82,TNS1,4.381008,2.2674116947562867e-72,PTBP2,2.4340925,4.26700043438545e-23,CCM2,3.8771448,5.094929584840084e-29,RDX,4.7499714,4.0215637403723186e-42,LDB2,4.9965305,2.173328099687262e-22,KRT86,8.530943,1.2315280435993357e-07,IRS2,6.5660505,6.572151516439273e-14
TINAGL1,4.831328,1.2108080031286385e-155,CELF2,4.255593,2.999282489341648e-153,ID4,5.152071,1.0594316556275224e-150,CDC42SE2,4.661048,2.3914679670725565e-156,NNMT,5.418823,2.998096945075488e-134,SPARCL1,5.098665,5.772413526826649e-159,CORO1A,5.652649,3.530741037285645e-106,COL5A3,4.5028815,4.673522150306054e-46,CSF2RA,8.445767,1.3294137877301062e-40,SORBS2,5.718718,6.91341365283343e-81,ZEB2,3.0002663,1.4425449041660323e-71,PTEN,2.090411,6.91333500105025e-23,CYTOR,4.0569596,8.409822832670901e-29,PRKCA,5.434723,8.985740171215055e-42,AL357507.1,9.478446,7.602884611510071e-22,IGFLR1,4.9713836,1.4583389818362198e-07,SOX10,9.221823,8.121994350178202e-14
LINC00924,5.147451,7.3974325553505275e-155,FAM107B,4.3596563,4.971508383140059e-152,SELENOM,4.087883,4.2326828596477704e-150,RIPOR2,4.8232403,1.0489763467206949e-154,SCARA5,8.433738,1.6971298214331321e-133,KDR,7.97949,2.2493007661711195e-158,CCL5,6.13407,3.089733189609551e-105,COL4A2,3.8113403,2.1991143560099308e-45,SIPA1L3,4.3019657,2.6727818889821686e-40,ELMO1,4.4921184,4.470656180749984e-80,PPM1L,4.829879,1.8811147078069234e-70,LHFPL6,3.0083125,1.507404168350624e-22,SPOCK2,5.017824,1.261390450631171e-28,S100B,10.548103,2.327201014495059e-41,PDE7B,5.9586973,1.201903129300085e-21,IL2RB,4.7807655,1.5190238420154137e-07,MYO10,6.062907,2.9591969891086697e-13
CLSTN2,5.653772,8.180552751855935e-155,BCL2,4.148675,1.0899859017112106e-150,RPS5,1.9940995,1.5098229897045836e-149,PRKCQ,5.516984,1.702742019103992e-153,CD248,5.894667,3.399804956080008e-132,FAM13C,6.237472,2.9049985822208737e-157,IKZF1,5.7833295,8.853385722691112e-105,LINC01091,4.6802883,8.436597490728476e-45,MAP3K1,4.212102,3.2707979249720345e-40,A2M,3.3281333,4.026182223331986e-79,CDH6,5.8588524,5.171170919933564e-70,MYO1B,3.407981,2.1533796371288913e-22,EZR,4.0834517,1.5125754093231177e-28,SH3D19,4.643191,2.5623126705883356e-41,AFDN,5.642034,1.3697876478825485e-21,PRKX,4.424834,1.577726551133106e-07,PCDH7,7.9956627,3.5494859144986574e-13
ZEB2,3.3896844,1.3529842264346916e-154,CLEC2D,4.378818,3.091836439657609e-148,DBNDD2,5.1648517,2.1407920248100807e-148,THEMIS,5.843829,5.881710110069111e-153,CYBRD1,5.062352,2.5025684452855145e-131,HSPG2,5.825031,7.715399479438565e-157,SLAMF7,6.755992,1.3879519973970017e-103,BASP1,5.163208,1.301118064899324e-44,IGSF6,6.4213023,6.219928198454032e-40,VWF,6.605644,6.225944843678773e-79,ROCK1,1.8646061,6.472985143641091e-70,SBF2,2.226331,2.157772937813109e-22,SMAP2,3.9837685,1.8831779988834684e-28,ZEB2,3.4452176,3.759039152853258e-41,STAB2,11.360592,1.6211112188692654e-21,ACAP1,4.552824,1.6494306177850778e-07,TRIM2,6.064271,3.921466190435327e-13
PDGFRB,4.4742336,1.42877625776593e-153,SLFN12L,4.818661,3.972870655589984e-148,NUPR1,4.795953,8.364429560768237e-148,PRF1,6.1063967,1.90672227797892e-152,TNXB,5.5225124,1.7788770965895888e-130,FGD5,6.9673157,1.97772277471129e-156,PRKCH,4.9475794,1.8523399231632603e-103,CYP26B1,5.4741864,3.650967674708436e-44,MNDA,4.9321194,6.440221238963867e-40,SEMA3G,7.9213095,1.0169550997243781e-78,ADAMTS9-AS2,4.150187,3.4971848011404404e-69,PARM1,3.5894988,2.251549860186155e-22,RUNX1,4.0514255,2.5519184443016635e-28,SORBS2,5.6285768,4.1668708656536183e-41,DAPK1,6.7596087,4.512142668751549e-21,RPS6KA3,4.0135994,2.2293620474431777e-07,GULP1,6.0282664,8.136769234472303e-13
PLAC9,4.515463,3.4162944466347965e-150,CORO1A,4.8545775,1.518751431349185e-147,CALM2,1.9606498,1.852000518966864e-147,CD8A,7.518395,3.1077041802755754e-151,MARCKS,5.1727605,2.435723937829934e-129,RBP7,7.605371,3.002201007305562e-156,LINC00299,6.4209785,5.044271812602829e-102,MYL9,4.0593343,4.982620958638728e-44,SKAP2,4.2702518,7.224386955323098e-40,LPCAT2,6.135265,1.6189586110617747e-77,MAML3,4.477842,7.931429357878902e-69,PHLDB1,3.6825936,1.2170754045458396e-21,BATF,5.268127,2.5519184443016635e-28,SAMHD1,4.5754094,5.352395439926364e-41,CNKSR3,6.591368,6.130072159377145e-21,LAT2,5.2155123,2.2767334769858356e-07,SLC24A5,10.466662,9.600119571783719e-13
MYLK,4.4289546,8.824950042059169e-147,ACAP1,4.9491277,1.6388486028774098e-147,MT2A,3.7171578,1.8230890470965348e-144,RASGRP1,5.4279575,1.4064433478392197e-148,COL5A2,5.270149,1.7749695571618853e-127,RASAL2,5.3324213,6.393390177917479e-155,NCAM1,6.900372,5.700525303288484e-102,OLFM2,4.6496835,1.873008376140779e-43,DAPP1,5.438857,8.794808563886134e-40,APP,4.3887334,3.2538992951152955e-77,COBLL1,3.971136,5.707162194439433e-68,SH3D19,2.9497194,3.9724895958728674e-21,GBP5,5.2697606,3.980957298684377e-28,GPR155,6.4187503,5.545117825168994e-41,PLCB4,5.752488,7.969215865128539e-21,RUNX2,4.212104,2.3479137776759102e-07,APOD,6.3234353,1.278767125146225e-12
AEBP1,4.4134912,6.325959496333077e-146,GRAP2,5.2680135,1.1473827295723914e-145,IGFBP7,3.6030426,2.8940479440517527e-144,SCML4,5.561135,5.094328150151807e-147,PLPP3,4.922393,9.878922058693104e-127,SASH1,5.451517,7.289610906308684e-155,PTGDR,5.9385934,6.862958619650727e-102,LAMA4,3.9969308,3.6214274709446355e-43,SNX29,4.0149484,1.7673556152218727e-39,SHANK3,6.7060676,7.079924593448524e-77,MYOM1,5.8376203,6.6466896806303155e-68,PDE5A,3.088552,4.481720233219227e-21,CD96,4.622419,9.032597659352857e-28,MPZ,11.114643,1.0222455190373661e-40,AFAP1L1,6.4695096,9.919497129592322e-21,RAB11FIP1,4.2951283,2.74487831341517e-07,PHLPP1,5.631929,1.848827751193948e-12
GUCY1A2,5.9684978,5.432867629732786e-145,RCAN3,5.1985245,7.328859781106961e-144,UBA2,3.819592,2.408219936271607e-143,GIMAP7,5.12665,1.6112660162874264e-146,PLEKHH2,5.2016115,1.1452003882971974e-126,SHROOM4,6.7441473,2.0248369966052284e-154,ADGRG1,6.4342966,4.5585045028323376e-100,GJC1,4.475128,1.4729940783797702e-42,SNX10,4.716035,6.285671056204543e-39,SOX18,6.9135904,8.126251629891601e-77,ANK2,4.7104583,4.703747044177464e-67,KCNT2,3.9420967,1.0658847140876195e-20,CYTIP,4.5164347,1.448140331766484e-27,PDE1C,8.196296,2.3874845753755794e-40,TGFBR2,3.3993433,1.1023628953794534e-20,CD37,4.418803,3.1563639127343163e-07,PTPRM,5.527136,1.900576333011291e-12
SLC7A2,4.790838,1.3066387188394903e-143,CARD11,5.038549,2.3672175804475745e-143,CHCHD10,4.206204,2.7791254999502705e-143,LINC01871,6.164187,5.39109961323201e-146,VIT,7.7817583,7.033881281935911e-126,UACA,5.334247,4.6987766484456377e-153,CD300A,6.765917,1.2160950822285164e-99,STEAP4,4.461955,5.877268848560707e-42,SHTN1,5.0544147,6.315024318728619e-39,TJP1,4.7184167,6.669032767236277e-76,MCAM,4.709272,5.047714644286573e-67,RUNX1T1,3.056793,1.2620112829777589e-20,HCST,4.6646338,1.5575466265060428e-27,COBL,9.571085,4.898909752852414e-39,ABI3BP,6.0536413,1.2983708726357221e-20,STAP1,6.169691,3.3569636609910753e-07,CDC42EP3,5.2423515,1.937989823366415e-12
COL5A2,4.477531,9.044533404330203e-143,CD28,6.270098,4.409724194227969e-141,NDUFB7,3.4082656,9.200579224977108e-143,DOCK2,5.1847024,1.705855546170881e-143,FBN1,5.0858617,1.1555478163307375e-125,CCSER1,6.774369,1.8309668571435736e-152,IL2RG,5.523444,1.3583011471237253e-99,MAP1B,4.019617,8.022600086825969e-42,RTN1,6.6414127,8.093911723753391e-39,GNAQ,3.9200783,1.4107674135144207e-74,MARK1,5.4194927,8.794409558248608e-67,ADGRL2,3.4150088,1.4244451790023766e-20,LCP2,4.387924,2.1843305205305784e-27,SEMA3B,9.140851,1.3900822790606918e-38,LINC01515,6.874329,1.5335482632628384e-20,MPG,4.188899,3.3674114060373077e-07,CYB561A3,6.615131,2.434522889568083e-12
ADAMTS9-AS2,4.171567,4.317063833580885e-142,CD37,4.7457995,1.2843978309135206e-140,RPL23,1.7694718,9.369407300301815e-142,SH3BGRL3,3.9543276,2.3406907726623796e-143,ADH1B,5.74731,7.902558421582567e-123,GNG11,5.252172,4.654675668420318e-150,STK10,5.099991,9.706693842197842e-99,AHRR,4.9922457,2.064755049747904e-41,FCGR2A,6.840359,1.9738689985632935e-38,HEG1,5.2885838,1.5073994373401206e-74,ACTA2,4.6756077,1.0075769050154594e-66,MICU3,3.4315631,1.9071781125322634e-20,SLA,4.6979814,2.1968730283227957e-27,AL139383.1,7.3974233,7.142210748655785e-38,NHSL1,6.4462023,2.3556437731451955e-20,TNFSF14,5.099883,3.8817175752874384e-07,MYO5A,4.9772134,2.7225016355562963e-12
COL4A2,4.0433292,1.2031137662357046e-140,SARAF,3.1947095,4.225375736365392e-140,IFITM3,3.9613101,2.1497560379215426e-141,STAT4,5.1029835,5.184425653286613e-142,SGCD,6.0722957,4.6547769937711684e-122,ROBO4,7.9394493,3.7864327304096e-149,TTC38,6.526248,1.1353042437236636e-98,RASL11A,4.2581267,2.6089456488647697e-41,CD14,6.34381,2.666394154469491e-38,CDC42BPA,4.5616617,6.450784276603877e-73,DGKB,6.7219906,1.7849992840872717e-66,ADAMTS12,4.042699,2.028386952903984e-20,GLCCI1,4.2700667,2.6257636201070065e-27,DIP2B,4.7142253,1.0642028599665756e-37,CLDN5,6.381236,2.5462993492335855e-20,IKZF1,4.5316863,3.8817175752874384e-07,AKAP12,5.772513,5.141315666885901e-12
COL18A1,4.042691,1.682842507959697e-140,TRAF3IP3,4.812663,1.9805552902492313e-139,FAU,1.7109479,3.6194522570838537e-140,ARHGAP15,4.838118,1.3352857531924343e-141,GSN,3.6320367,4.687657716894077e-120,PCAT19,7.744486,1.413458687169053e-148,ID2,4.93395,2.4426076115734213e-96,LAPTM4A,2.9363534,5.753080294168485e-41,TET3,4.4739943,2.8206620239509464e-38,FBXL7,5.052581,1.6671752402021222e-72,ZBTB7C,6.257038,1.8994251510150635e-66,LPP,1.3477811,2.1502512266413195e-20,CHST11,3.960963,3.2888855807723916e-27,PRNP,4.9548235,1.2499037044651307e-37,LRMDA,4.932641,2.614447455991381e-20,GMFG,4.236754,3.9045521537081734e-07,NLGN1,6.806143,5.159531925577166e-12
FABP4,4.7477245,3.693060056912769e-137,ZC3HAV1,3.9075918,3.197150103566675e-135,RPS10,2.5456853,4.523655632681767e-140,GZMH,6.41396,2.5491553411978851e-141,ROBO2,6.6259336,5.4109177030906136e-120,ST6GALNAC3,6.597986,1.816690134199515e-148,INPP5D,5.2376456,2.4579640948644197e-96,AUTS2,3.1254072,4.039627502118172e-40,AC020656.1,7.9044814,1.0804796385608433e-37,PIK3R3,6.3929267,3.148656311212908e-72,MRVI1,5.143831,2.0944922808455356e-66,LIMA1,2.6079242,2.2753255689009698e-20,PAG1,4.254169,4.491643918916046e-27,CLIC4,4.6354585,1.5521381054349963e-37,KANK3,6.0124784,5.530562810610593e-20,TNFSF4,7.4642615,5.998343703799445e-07,MARCKS,5.559631,9.95865416157822e-12
EBF1,3.9362724,9.147796378108458e-137,TAGAP,4.7983184,7.896552532774015e-135,MGP,4.8824234,5.260432076650787e-140,ARAP2,5.056064,7.685261973495983e-140,THBS2,7.7811217,6.38553265724719e-120,MYRIP,7.4252105,3.475640742018896e-148,IKZF3,5.686776,7.086113625465107e-96,CPM,4.083969,5.036923671768136e-40,FMN1,5.8501368,1.6250839879129747e-37,THSD7A,6.1345496,1.2903564336280969e-71,L3MBTL4,4.9712996,7.354674072414518e-66,TACC1,1.9765277,2.2798771008294088e-20,CD48,4.433842,4.8511927793868086e-27,THSD7A,6.5921626,1.6223893392603384e-37,SCN3B,9.657676,1.0619261310616161e-19,MMP25,6.187254,6.403125905795943e-07,CPEB2,5.4538727,1.5034408926149125e-11
CD63,1.976152,9.147796378108458e-137,TNIK,4.704556,4.0260530939977703e-134,CAVIN3,4.6495214,4.819961692943326e-139,LINC00861,5.5084724,2.157849164502566e-139,TWIST2,6.3567934,1.8626302549976292e-119,STOX2,7.032474,1.1357595932007511e-147,APBB1IP,5.3399034,1.0397726175198642e-94,PCOLCE,3.8621044,6.663551676920739e-40,GRB2,3.7440248,1.8165410725511138e-37,KCTD12,5.104387,2.7605235499784963e-71,MALAT1,0.478598,7.826453562106929e-65,PKD2,3.0922804,2.3809944001908095e-20,RTKN2,6.95315,6.3298112365615964e-27,ARHGEF26,7.3798723,1.2393880924175796e-36,THSD7A,5.9913797,1.3563454176309814e-19,GATA3,4.6341596,6.459516845763724e-07,COL24A1,6.979221,1.9607192821123167e-11
RBMS3,3.8787487,9.147796378108458e-137,CYTH1,4.162043,1.0093547670165417e-133,CAP2,5.953831,1.4899375296610427e-138,GNLY,5.930159,1.6890675498000814e-138,COL15A1,5.3217506,3.5750844515066344e-119,ELMO1,4.795882,1.4687400799577106e-147,HIPK2,4.96159,3.856333048650184e-94,SEMA6D,4.3204746,7.420122339061143e-40,MTSS1,3.891761,1.9219924804775858e-37,PREX2,5.566995,1.586932835923268e-70,LUC7L3,2.081966,1.338345108916093e-64,RGS6,3.7490995,4.310793198278056e-20,PTPRJ,4.3738866,7.146594340473624e-27,GFRA3,12.150217,1.5983415395957067e-36,FBXL7,5.0293856,1.8845056497073102e-19,JAML,4.730637,6.464176532502979e-07,SAP30,6.055256,2.35200620631693e-11
EPHX1,3.997085,4.633600645968226e-134,CD226,4.9588423,9.219082689149074e-133,EEF1G,2.3421223,2.114593887518597e-138,GMFG,4.808141,2.785139379247893e-138,GPNMB,5.111106,1.222153070446827e-118,GALNT18,6.354932,2.643287536507479e-146,ARPC5L,5.15948,4.970312527272765e-94,GPM6B,4.4586167,3.724753790928047e-39,SAT1,3.8360252,1.9219924804775858e-37,EPHA4,5.62513,2.6733990131128145e-70,TBX2,5.613397,1.5212841207865838e-63,EXT1,2.91058,7.686394836620958e-20,TLK1,3.618805,8.156624119049625e-27,LSAMP,7.6505294,2.151354714454582e-36,PECAM1,5.5134034,2.6374568649777743e-19,ANK3,4.537679,6.510256235156936e-07,NEO1,5.8185964,2.5150174694720658e-11
ITGA7,4.689562,1.0513324527351893e-133,MBP,4.4167867,1.0738034203723017e-132,RPL18,1.6307204,5.064143503572407e-137,FAM49B,4.77054,7.148526929005474e-138,EMP1,4.7599792,3.6835197034960176e-118,PLCB1,4.7641315,4.078725988507196e-146,STAT4,5.2399793,2.811813806007576e-93,ARHGAP10,3.266198,4.564592832891123e-39,SLC43A2,5.89064,2.97630650914611e-37,TIE1,6.6463747,2.6733990131128145e-70,MYOCD,5.8792734,1.9265965471989474e-63,CRIM1,2.6229942,8.547793175056175e-20,SH3BGRL3,2.9492323,8.156624119049625e-27,DOK6,5.839344,5.070949885969203e-36,LMO2,6.2782774,3.7595674394660563e-19,VDAC1,4.019791,6.691951995515719e-07,CADM2,7.1578884,2.762147479320938e-11
SPARC,3.7873025,5.89343681493323e-133,CHST11,4.1773386,1.704566803416727e-132,RPS11,1.657851,1.8243441157475154e-135,RHOH,5.3244,5.5309157014463504e-136,TIMP2,4.5267158,8.8247912466171e-117,TACR1,6.907861,1.86187295440687e-145,GSAP,5.4963875,7.978282707055835e-93,IGFBP7,3.128174,5.0638932166287846e-39,PAK1,4.4062543,8.60744395526024e-37,FGD5,6.174858,6.531167600423111e-70,ARHGAP6,4.421501,3.418872937668723e-63,MKLN1,1.6337407,8.547793175056175e-20,IKZF3,4.6270437,9.52577982143318e-27,HSPG2,5.3976765,1.2566349541834197e-35,STON2,6.9697175,5.04138591045714e-19,BACH2,4.3214984,8.499370044913994e-07,RNF144A,5.6901407,3.318816724893884e-11
PCDH9,5.0837746,1.2367287848726777e-132,COTL1,4.925937,7.506062210715887e-132,RPL5,1.6046937,1.907365367293705e-135,PRKCH,4.6712,1.2226052169083689e-135,SFRP2,8.652935,1.9760329429461268e-114,FLI1,4.9072013,5.281955009453497e-145,PDGFD,5.7590256,3.96044118037092e-91,SERPING1,3.5966713,7.531972030132949e-39,OGFRL1,4.050512,1.8659587026708448e-36,DOCK4,5.453711,9.874435410459009e-70,RUNX1T1,3.847662,4.532886529533615e-63,FTX,1.4534564,2.0180949642420218e-19,EVL,3.8098254,3.100995090321266e-26,SNCA,7.806825,2.737177123551002e-35,NR2F1-AS1,6.2734957,7.035587619809972e-19,IL2RG,4.485643,8.499370044913994e-07,GNAI1,5.5578885,3.416620530236143e-11
DLC1,3.9458,3.756015951008121e-132,DOCK10,3.9027166,5.0479823641251965e-130,NDUFA4L2,5.6141415,1.1345690495204854e-134,ANKRD44,4.5666656,1.6995835609076167e-135,EGFR,4.8827124,2.828535293852768e-113,ARHGAP29,5.2636256,1.0730380342107192e-144,SYTL3,5.474584,4.2385996518094423e-91,TPM2,4.09599,1.5345292797784647e-38,MFSD1,4.2666664,6.710799549308073e-36,ITGA6,5.402612,1.2136141905558987e-69,CCDC3,5.0393105,2.825261509753629e-62,KIF13A,2.8993576,4.2873595612731445e-19,TRAF3IP3,4.4682665,4.3316744593169303e-26,PLPP1,4.31902,3.1315254983336465e-35,LAMA4,5.0057325,7.035587619809972e-19,TNFSF10,4.164013,8.499370044913994e-07,CD59,4.2462964,7.151330283709524e-11
GGT5,4.976751,2.344674777241693e-131,STK10,4.3124585,6.257207539378303e-130,CD63,2.529304,3.453053917881805e-134,CCDC88C,4.955373,1.1161157874560743e-134,APOE,5.1345325,1.0271935461401324e-112,RIN2,5.3668146,2.407503131137525e-144,SPN,5.6399093,1.6256555920000964e-90,TPM1,3.4260798,2.078702823649115e-38,CPPED1,4.5378847,1.911882167730852e-35,FRMD4B,5.390951,1.5265020015408702e-69,MSRB3,4.242444,1.1105525307719276e-61,TNS1,3.1007638,4.58062139385231e-19,EML4,3.4094799,5.116498669559336e-26,SPATA6,5.4651604,3.6103069814716826e-35,AC083837.1,7.861464,9.1086939198857e-19,RASGEF1B,4.415398,8.835333627901466e-07,PDZD2,6.1919527,7.22716747090356e-11
SYTL2,3.933885,7.46571406038754e-130,SLAMF1,5.941541,7.33867487548245e-129,RPL10A,1.7431136,1.0661418301299925e-133,HCLS1,4.875012,5.053069042123669e-133,FOXP2,7.140025,9.658005977357178e-112,CDH13,5.778476,3.251516018250564e-144,LINC00861,5.659703,4.62123013275197e-90,CRIP1,2.366243,4.86899723119443e-38,SGK1,4.4582443,1.968647496561173e-35,HIF3A,5.7913446,5.896023653258778e-69,ITGA7,4.962393,2.0104259624733482e-61,NAALADL2,3.079989,4.943951047306606e-19,RHOH,4.537907,3.6829778645584507e-25,NEGR1,5.527225,4.75606267437809e-35,GLIS3,5.6986785,9.1086939198857e-19,TMEM123,3.8377318,9.015855674991382e-07,FADS2,6.577152,7.230606279275516e-11
CSRNP3,4.8932924,1.7754919709275304e-129,IL2RG,4.602093,4.29306605771672e-128,MEF2C,4.252065,1.6009209407956396e-133,VAV3,5.0879383,1.0048789694375204e-132,SERPING1,4.4998474,2.3650636434637224e-111,RAMP2,6.3114653,3.355212407866411e-144,PIK3R5,5.384573,1.4796649736888063e-89,ZFP36L1,1.8389286,6.329839836640974e-38,KCNQ1,5.15759,2.83679737280559e-35,KLHL5,4.718306,6.09817357615501e-69,ARHGAP29,3.9834895,2.4378361959211637e-61,STEAP4,3.678492,5.048356451949094e-19,ARHGAP25,4.166846,1.280610150666722e-24,PLCE1,6.8904753,1.8199763562088963e-34,TNFRSF11A,8.341981,1.4590271846300568e-18,RNF125,3.9752145,9.375838174176712e-07,ASPA,6.390623,7.340996113619692e-11
PHLDB2,3.9145877,3.460384629648343e-129,LCP2,4.450708,5.516534745837586e-128,RPL29,1.8494035,3.0748650314415542e-133,STK4,4.467766,2.82878782591993e-132,CNTN1,6.2079897,9.358111439030026e-111,CPNE8,5.273072,8.268088423403354e-144,NCR1,7.8888574,8.105660217747578e-89,PTPN13,3.7759044,1.2014851578007167e-37,FAM49A,4.286003,4.385163847502189e-35,RALGAPA2,4.389079,1.3955165415216667e-68,ITIH5,4.4326687,5.940597613630637e-61,COL4A1,3.1187162,7.086872214443234e-19,SLAMF1,5.239053,1.5585669465606846e-24,RAPGEF5,5.501529,3.222465319543774e-33,TIE1,6.199089,1.5806449655654406e-18,TIAM1,4.4927483,9.375838174176712e-07,EMX2,6.1144624,7.888742684722657e-11
LIMA1,3.3510845,4.644793252714726e-128,CD40LG,7.32605,2.9067194027524882e-127,RPL9,1.6386402,3.590628002898691e-133,ITK,5.197579,8.381063800236732e-132,SPOCK1,7.4213495,1.7665310106069e-110,ICA1,6.9529057,9.240351473916182e-144,CLIC3,7.3404384,3.03257257878516e-88,CD9,3.250916,2.272369129898975e-37,SNX2,3.7953322,5.78736373499996e-35,ATP13A3,4.658713,4.6834522144560976e-68,CRIM1,3.198864,3.91591303831966e-60,SMOC2,3.6528256,8.026956564437131e-19,IL2RG,4.2998533,2.116768192013239e-24,CD9,3.6274803,7.020812091925284e-33,SASH1,4.769015,1.909865496668376e-18,SPOCK2,4.3591523,1.009038172727729e-06,RAB32,6.022619,9.154516336496435e-11
TFPI,4.160603,2.6022232583386022e-127,ARHGAP25,4.395193,6.295583215051162e-126,SLIT3,4.7925625,4.079049999278286e-133,PLAC8,5.4072824,1.2379740563026042e-131,CDK14,4.890868,4.126730553623502e-109,KCTD12,5.472842,2.038636424709376e-143,TES,5.0577884,1.1006214435188773e-87,CAV1,3.7441854,2.485465923661463e-37,TMEM154,4.515898,8.128268853483045e-35,TCF4,3.8444924,1.3017941934574264e-67,MYO1D,3.2145674,4.3600982982509574e-60,TPM1,2.9592965,8.242055269809956e-19,SH3KBP1,3.0316982,2.866220349287424e-24,LAMA4,4.790413,1.2075012235210827e-32,AKAP12,5.169656,2.239267741813788e-18,TEX30,5.1884384,1.009038172727729e-06,GRIK2,6.612332,9.505463584333398e-11
PAWR,4.1949573,7.178803679889884e-127,PHTF2,3.9905508,1.287103819271018e-125,COX7A1,4.652777,1.080563210056879e-132,MCTP2,5.21171,3.116812332017497e-131,PLSCR4,4.771544,7.948365643006303e-109,TEK,7.348989,3.1427349655744727e-142,CD226,5.510998,1.1436732302037466e-87,INPP4B,3.1277626,3.055667094291383e-37,DAPK1,4.9767513,2.5281129182736237e-34,MAGI1,5.2926593,1.6187422642413684e-67,PIP5K1B,5.411091,1.2210726984007462e-59,ZBTB20,0.9851222,1.4988366826330333e-18,FAM49B,3.9873598,4.173052513645661e-24,GAB1,5.3112664,1.499180049255249e-32,LRRC1,6.4462204,3.2034762411444998e-18,GPSM3,4.1745625,1.0451214465711522e-06,SERPINE2,6.71949,9.505463584333398e-11
PLEKHH2,4.2970924,4.865824632595907e-126,OSBPL3,4.3600774,2.734149182696639e-122,RPL27A,1.594266,1.0917873762320466e-131,SYTL3,5.149884,6.859467635283321e-129,GAS1,6.3148265,1.0101948565016048e-108,TGFBR2,3.6821277,3.976024566102386e-142,HSH2D,6.716698,3.1371038546552743e-87,NBEA,3.644052,9.079110628799117e-37,CSF3R,8.942658,4.458270067343737e-34,NPDC1,5.6830664,7.13282582816988e-67,POU6F2,6.3577127,2.260182235922464e-59,MRVI1,3.4458253,1.9502978868048147e-18,RAC2,4.207801,4.318017299932523e-24,MARCKS,5.1257305,3.702758876257894e-32,AC007319.1,5.00143,4.7027387312846506e-18,TMEM238,4.7400055,1.1400361443336617e-06,PRKD3,5.0403814,1.2172520075143211e-10
PMEPA1,4.5785666,1.6954878199411554e-123,STAT4,4.3414993,4.503716681458273e-122,BTF3,2.2269368,1.34420980873014e-131,STK17B,4.6468124,1.0339149223513412e-128,PCOLCE,4.8711586,1.9898425078200065e-107,NUAK1,6.143948,2.323101496514715e-139,DTHD1,6.671417,4.642506442059024e-87,PLEKHH2,3.7608895,7.84894507658171e-36,RAB31,4.045624,4.8030639304980015e-34,PCSK5,5.222259,2.43365216471512e-66,MKLN1,1.828589,2.6109398894932286e-59,NHS,3.5636106,9.282390160835389e-18,CD28,5.1954436,1.0355417526398395e-23,FRMD6,5.873054,6.589770232615381e-32,PALD1,6.8290462,5.006546575047793e-18,SKAP1,4.780885,1.1400361443336617e-06,RBFOX1,7.9008417,1.2307224005244865e-10
ITGA1,4.1817336,2.5518232793961255e-121,GNG2,4.3343844,2.693631307150317e-121,RPS7,1.7985473,1.3859700484110148e-131,LINC01934,5.6441555,2.435005605777523e-128,TCF7L2,4.407805,2.0813377920944066e-107,EPB41L4A,5.692701,3.736150655759683e-139,CELF2,4.4167075,7.753980923220378e-87,P2RY14,4.930466,8.80699433150741e-36,CPVL,5.8233714,6.536801304843837e-34,PDGFB,6.1557555,5.964261032528755e-66,HIP1,3.5777495,2.685750652412198e-59,SNED1,3.156109,1.0581753928781854e-17,TBC1D4,4.0211616,1.1614757115173141e-23,NAALADL2,4.5708537,7.175879377679392e-32,SNCA,6.702784,5.006546575047793e-18,TCF7,4.4056373,1.1400361443336617e-06,MLEC,4.9951534,1.6282676421414854e-10
NCKAP5,4.420704,4.298485492286206e-121,EZR,3.9656022,3.962579917090404e-120,PEBP1,3.044261,3.8944349245464933e-131,EFHD2,4.8222923,5.371061471309208e-128,DNM1,6.3868465,7.51770153853819e-106,ARHGEF28,6.410484,1.3461544342295608e-138,LIMD2,5.1509624,8.477929000347212e-87,CHN1,3.8610694,1.3128178049858117e-35,TFEC,9.794352,7.509336957992719e-34,CD93,5.9210763,8.856046727088963e-66,PARD3,4.357999,9.644417834512362e-59,EHBP1,2.3884318,1.1112518525835652e-17,PLCL1,4.1876736,6.948479725936385e-23,ADD3,3.4210844,9.860169663563044e-32,FOXP2,6.4416175,5.514165850102268e-18,HMGN1,3.7558625,1.1400361443336617e-06,HMG20B,5.511066,1.748866711701397e-10
TNS1,3.8304946,8.303565190423717e-121,PRKCH,4.2086143,1.0759362960832756e-119,CPM,5.125286,4.879093439609089e-131,PIK3R5,4.996548,6.524574639825841e-127,ZFHX4,6.993085,1.408196931643806e-105,GRB10,5.9371777,1.8735700919222792e-138,RIN3,5.142522,1.2692499279405332e-86,ITIH5,3.67121,1.958369851394932e-35,SPINT2,4.9841733,9.221086410845983e-34,NOTCH4,6.393384,5.613335125566431e-65,NCKAP5,4.7695355,1.1577898395804098e-58,CACNA1C,3.2296424,1.3821000212247995e-17,ZNRF2,3.919484,1.1464721372761868e-22,ITGB4,6.737612,2.6926334506819525e-31,THSD4,6.4046926,5.7882156811304355e-18,RASSF5,4.277991,1.2292744579272868e-06,PPFIBP1,5.359437,1.7579968396116434e-10
MT2A,3.014265,4.780936335486833e-119,HCST,4.577797,4.6238911647472885e-118,MT1E,4.447832,4.8718103236894995e-130,CELF2,4.319512,1.2890152328165334e-126,MEG3,6.797673,4.983217105923693e-103,LNX1,6.9268136,5.2271806292519305e-138,SLFN12L,5.189559,1.2699078516914484e-86,FILIP1L,2.985706,4.0808964388197773e-35,RASSF2,4.298729,1.3468041102684768e-33,FRYL,3.1719887,7.093364206074815e-65,UBA2,3.2382371,1.6125749547830396e-58,CLMN,3.2108283,1.676773595014528e-17,PRKCQ,4.263155,1.1987330668545481e-22,GULP1,5.0047145,1.1675499324801172e-30,FLT4,8.143854,1.3118826292258114e-17,CKLF,3.7284355,1.2559696018878562e-06,CDH3,9.601719,2.0337705872138607e-10
PPP1R14A,4.6755257,6.25628962595075e-118,LIME1,4.7700996,8.76479918565087e-118,RPS8,1.3068508,9.594174791523275e-130,AOAH,5.3423085,1.9560621269035484e-126,PTPRS,4.9991226,1.1310438311967502e-102,RNASE1,7.05586,7.6646506851307e-138,DOK2,5.5250497,2.2881835679461988e-86,CD81,1.9663709,7.748359051153841e-35,LRRC8D,4.2499843,1.4445466490055752e-33,RIN2,4.741666,8.894922791953792e-65,IGFBP7,3.1271825,5.51862730504747e-58,ABCC9,3.1941342,2.2902391156477998e-17,SRGN,3.9411108,1.2384892835639317e-22,IFNGR2,5.0234284,1.7681994468678353e-30,TM4SF1,5.425345,1.4703456293189812e-17,EZR,4.121428,1.2839614318969792e-06,GMPR,7.637239,2.0740512946608082e-10
MYO1B,3.8735301,1.7149736792461133e-117,SMAP2,3.9023418,6.883579505914756e-115,RPL15,1.8521397,2.138792989227096e-129,STK17A,4.539337,2.2234722458550832e-126,SOD3,4.6949816,5.937860201207956e-102,RAPGEF4,7.331923,2.509374846297958e-137,ITGAM,6.445859,1.1199885793054091e-85,PDE5A,3.5136344,9.039877147383121e-35,NCKAP1L,4.053806,1.607494425239898e-33,PDE4D,4.677609,1.2883702260804728e-64,TACC1,2.0420392,7.60644438046709e-58,ASAP1,1.8899373,2.6420076431829127e-17,GMFG,3.629758,1.8640107080001513e-22,ALCAM,5.8709974,1.771357440353889e-30,LYVE1,7.342596,1.487869572991278e-17,CMTM6,4.064787,1.510245593390623e-06,FARP2,5.3750157,2.2424550669652447e-10
SLC38A2,2.3733811,4.5199005359063115e-115,IKZF3,4.5195146,1.1133460298308749e-113,RPS16,1.8037963,2.564871044913206e-129,ARHGAP26,4.461944,3.161751157644689e-126,PLA2R1,5.1669426,2.1426024863669695e-101,FLNB,5.938443,7.414711813717315e-137,TBX21,6.392775,7.261884890619077e-85,ACTA2,3.9992485,1.4882846824410045e-34,SLC8A1,4.3027315,1.8291905812693154e-33,HLA-DRA,5.301435,4.583125818933251e-64,ZBTB16,3.0263062,1.852517949234237e-57,NEAT1,1.096641,2.867319826032929e-17,SARAF,2.6492233,6.8540507061717725e-22,AGAP1,4.1581764,2.00938008352444e-30,PTPN14,5.133276,1.787770506993618e-17,DPF3,5.6878867,1.6344980818840094e-06,VEPH1,8.929752,2.3254196533612928e-10
